<Ticker>,<DTYYYYMMDD>,<OpenFixed>,<HighFixed>,<LowFixed>,<CloseFixed>,<Volume>,<Open>,<High>,<Low>,<Close>,<VolumeDeal>,<VolumeFB>,<VolumeFS>
TBD,20181018,76.00,76.00,76.00,76.00,1000,76.00,76.00,76.00,76.00,0,0,0
TBD,20181015,76.00,76.00,76.00,76.00,126,76.00,76.00,76.00,76.00,6196,0,0
TBD,20181011,72.00,73.00,72.00,73.00,200,72.00,73.00,72.00,73.00,0,0,0
TBD,20181009,72.00,72.00,72.00,72.00,100,72.00,72.00,72.00,72.00,0,0,0
TBD,20181008,74.50,74.50,74.50,74.50,600,74.50,74.50,74.50,74.50,0,0,0
TBD,20181004,77.00,77.00,77.00,77.00,1020,77.00,77.00,77.00,77.00,0,0,0
TBD,20181001,74.75,74.75,74.75,74.75,11,76.00,76.00,76.00,76.00,0,0,0
TBD,20180927,74.75,74.75,74.75,74.75,18,76.00,76.00,76.00,76.00,0,0,0
TBD,20180925,74.75,74.75,74.75,74.75,13,76.00,76.00,76.00,76.00,0,0,0
TBD,20180924,74.75,74.75,74.75,74.75,100,76.00,76.00,76.00,76.00,0,0,0
TBD,20180913,74.75,74.75,74.75,74.75,300,76.00,76.00,76.00,76.00,0,0,0
TBD,20180907,74.75,74.75,74.75,74.75,173,76.00,76.00,76.00,76.00,0,0,0
TBD,20180906,75.54,75.64,64.43,64.42,7864,76.80,76.90,65.50,65.50,0,0,0
TBD,20180905,68.06,68.36,68.06,68.36,5,69.20,69.50,69.20,69.50,14969,0,0
TBD,20180904,68.06,68.06,68.06,68.06,86,69.20,69.20,69.20,69.20,0,0,0
TBD,20180830,67.97,68.36,67.97,68.36,359,69.10,69.50,69.10,69.50,0,0,0
TBD,20180829,69.73,69.73,69.73,69.74,10,70.90,70.90,70.90,70.90,500000,0,0
TBD,20180828,69.83,78.69,66.88,66.88,5500,71.00,80.00,68.00,68.00,0,0,0
TBD,20180827,76.72,77.21,76.72,77.21,1500,78.00,78.50,78.00,78.50,0,0,0
TBD,20180824,75.73,76.72,75.73,76.72,622,77.00,78.00,77.00,78.00,0,0,0
TBD,20180823,71.80,77.21,71.80,77.21,3600,73.00,78.50,73.00,78.50,0,0,0
TBD,20180822,76.23,76.23,76.23,76.23,300,77.50,77.50,77.50,77.50,0,0,0
TBD,20180821,75.24,75.73,68.85,75.74,8170,76.50,77.00,70.00,77.00,0,0,0
TBD,20180820,75.24,75.24,75.24,75.24,12,76.50,76.50,76.50,76.50,0,0,0
TBD,20180817,75.24,75.24,75.24,75.24,200,76.50,76.50,76.50,76.50,0,0,0
TBD,20180815,74.26,74.26,74.26,74.26,300,75.50,75.50,75.50,75.50,5400,0,0
TBD,20180813,75.05,75.05,75.05,75.05,1500,76.30,76.30,76.30,76.30,0,0,0
TBD,20180809,75.05,75.05,75.05,75.05,300,76.30,76.30,76.30,76.30,0,0,0
TBD,20180808,74.75,75.05,74.75,75.05,1873,76.00,76.30,76.00,76.30,1900,0,0
TBD,20180807,70.82,74.76,70.82,74.75,18600,72.00,76.00,72.00,76.00,0,0,0
TBD,20180803,65.50,76.72,65.50,76.72,3100,66.60,78.00,66.60,78.00,0,0,0
TBD,20180802,73.76,75.14,73.76,74.65,2000,75.00,76.40,75.00,75.90,0,0,0
TBD,20180801,68.85,75.73,68.85,75.24,2500,70.00,77.00,70.00,76.50,0,0,0
TBD,20180731,75.24,75.24,75.14,75.24,1700,76.50,76.50,76.40,76.50,0,0,0
TBD,20180730,64.62,74.75,64.62,74.75,6804,65.70,76.00,65.70,76.00,8981,0,0
TBD,20180726,73.77,74.75,73.77,74.75,800,75.00,76.00,75.00,76.00,0,0,0
TBD,20180725,73.77,74.75,73.77,74.75,500,75.00,76.00,75.00,76.00,522409,0,0
TBD,20180723,65.40,65.40,65.40,65.41,100,66.50,66.50,66.50,66.50,7600,0,0
TBD,20180720,71.80,72.78,71.80,72.78,400,73.00,74.00,73.00,74.00,0,0,0
TBD,20180719,75.25,75.25,75.25,75.24,100,76.50,76.50,76.50,76.50,0,0,0
TBD,20180716,76.23,76.23,76.23,76.23,138,77.50,77.50,77.50,77.50,15500,0,0
TBD,20180713,76.23,76.23,76.23,76.23,100,77.50,77.50,77.50,77.50,0,0,0
TBD,20180712,70.13,70.13,70.13,70.13,256,71.30,71.30,71.30,71.30,1000000,0,0
TBD,20180711,60.98,60.98,60.98,60.98,2500,62.00,62.00,62.00,62.00,20344,0,0
TBD,20180710,66.88,77.90,66.88,77.90,2400,68.00,79.20,68.00,79.20,0,0,0
TBD,20180709,74.75,74.75,74.65,74.65,5100,76.00,76.00,75.90,75.90,0,0,3600
TBD,20180706,74.66,74.66,74.66,74.65,600,75.90,75.90,75.90,75.90,16225,0,0
TBD,20180705,70.81,70.81,70.81,70.82,1501,72.00,72.00,72.00,72.00,0,0,0
TBD,20180704,78.19,78.19,78.19,78.19,3300,79.50,79.50,79.50,79.50,0,0,0
TBD,20180702,78.78,78.78,78.78,78.78,40,80.10,80.10,80.10,80.10,0,0,0
TBD,20180627,77.71,79.18,77.71,79.08,7700,79.00,80.50,79.00,80.40,0,0,0
TBD,20180625,75.73,75.73,75.73,75.74,100,77.00,77.00,77.00,77.00,0,0,0
TBD,20180622,75.73,77.70,75.73,77.70,2800,77.00,79.00,77.00,79.00,16139,0,0
TBD,20180621,77.71,77.71,77.71,77.70,100,79.00,79.00,79.00,79.00,0,0,0
TBD,20180619,75.74,75.74,75.74,75.74,9400,77.00,77.00,77.00,77.00,1500,0,0
TBD,20180618,64.42,79.67,64.42,79.67,8300,65.50,81.00,65.50,81.00,12,0,0
TBD,20180615,73.77,74.75,73.77,74.75,15000,75.00,76.00,75.00,76.00,0,0,0
TBD,20180614,75.04,77.21,75.04,77.21,3700,76.30,78.50,76.30,78.50,1270000,0,0
TBD,20180613,75.25,75.25,74.75,75.24,3729,76.50,76.50,76.00,76.50,0,0,0
TBD,20180612,74.75,75.25,73.77,73.77,2770,76.00,76.50,75.00,75.00,14969,0,0
TBD,20180611,73.77,73.77,73.77,73.77,1000,75.00,75.00,75.00,75.00,0,0,0
TBD,20180608,74.75,74.75,73.77,73.77,6129,76.00,76.00,75.00,75.00,0,0,0
TBD,20180607,71.31,74.26,71.31,74.26,12301,72.50,75.50,72.50,75.50,8981,0,0
TBD,20180606,71.01,76.62,71.01,74.75,4718,72.20,77.90,72.20,76.00,861978,0,0
TBD,20180605,73.77,74.75,70.33,74.75,555139,75.00,76.00,71.50,76.00,389826,0,0
TBD,20180604,72.79,74.26,72.79,74.26,2301,74.00,75.50,74.00,75.50,17969,0,0
TBD,20180601,70.82,77.22,70.82,75.74,6140,72.00,78.50,72.00,77.00,0,0,0
TBD,20180531,72.78,78.69,68.06,68.56,100688,74.00,80.00,69.20,69.70,0,0,0
TBD,20180529,67.18,75.74,67.18,71.01,4400,68.30,77.00,68.30,72.20,0,0,0
TBD,20180528,72.78,72.78,65.90,67.08,9200,74.00,74.00,67.00,68.20,0,0,0
TBD,20180525,81.15,81.15,75.34,75.34,2900,82.50,82.50,76.60,76.60,0,0,0
TBD,20180524,74.06,75.73,74.06,74.95,5000,75.30,77.00,75.30,76.20,35195,0,0
TBD,20180523,71.80,74.65,71.80,74.65,17070,73.00,75.90,73.00,75.90,0,0,0
TBD,20180522,71.31,71.31,70.33,71.31,5900,72.50,72.50,71.50,72.50,52424,0,0
TBD,20180521,69.34,73.27,69.34,71.31,8420,70.50,74.50,70.50,72.50,0,0,0
TBD,20180518,71.21,71.31,67.38,67.37,5253,72.40,72.50,68.50,68.50,57762,0,60
TBD,20180517,68.85,70.82,60.10,70.82,26006,70.00,72.00,61.10,72.00,251,0,0
TBD,20180516,66.39,70.32,65.01,70.13,11717,67.50,71.50,66.10,71.30,339144,0,0
TBD,20180515,64.13,69.83,64.13,69.83,11163,65.20,71.00,65.20,71.00,0,0,0
TBD,20180514,72.78,72.78,66.68,66.88,39810,74.00,74.00,67.80,68.00,21,0,0
TBD,20180511,60.19,76.72,60.09,69.83,77365,61.20,78.00,61.10,71.00,0,3200,50
TBD,20180510,71.21,71.21,68.85,69.34,4380,72.40,72.40,70.00,70.50,0,2000,0
TBD,20180509,64.43,74.26,64.43,72.78,12700,65.50,75.50,65.50,74.00,0,0,0
TBD,20180508,69.83,70.32,64.23,70.33,21621,71.00,71.50,65.30,71.50,0,6000,0
TBD,20180507,69.84,69.84,63.05,69.34,7015,71.00,71.00,64.10,70.50,0,0,0
TBD,20180504,57.44,70.32,57.34,70.33,21705,58.40,71.50,58.30,71.50,1000000,10000,0
TBD,20180503,56.16,63.93,56.16,63.83,15700,57.10,65.00,57.10,64.90,0,10000,0
TBD,20180502,60.00,60.00,54.89,60.00,16756,61.00,61.00,55.80,61.00,1495,0,0
TBD,20180427,57.34,59.99,57.34,60.00,300,58.30,61.00,58.30,61.00,11978,0,0
TBD,20180426,54.59,60.98,54.29,59.01,13505,55.50,62.00,55.20,60.00,225900,0,0
TBD,20180424,67.67,67.67,59.02,60.98,9581,68.80,68.80,60.00,62.00,1226859,0,0
TBD,20180423,60.19,60.19,59.99,60.00,1340,61.20,61.20,61.00,61.00,0,0,0
TBD,20180420,58.23,63.24,58.23,63.24,5193,59.20,64.30,59.20,64.30,1092442,0,0
TBD,20180419,63.84,63.93,59.21,60.98,17673,64.90,65.00,60.20,62.00,0,0,0
TBD,20180418,56.06,63.93,55.38,60.00,44936,57.00,65.00,56.30,61.00,2786,50,0
TBD,20180417,56.06,63.93,55.96,61.08,38370,57.00,65.00,56.90,62.10,2170,60,0
TBD,20180416,72.39,72.39,54.59,62.75,72209,73.60,73.60,55.50,63.80,10400,0,400
TBD,20180413,62.94,62.94,62.94,62.95,173,64.00,64.00,64.00,64.00,28042,0,0
TBD,20180412,66.78,66.78,49.57,66.78,1178530,67.90,67.90,50.40,67.90,1009944,2000,0
TBD,20180411,60.98,62.06,57.63,62.06,285439,62.00,63.10,58.60,63.10,0,1000,0
TBD,20180410,67.18,85.57,66.79,69.83,257882,68.30,87.00,67.90,71.00,150487,400,200
TBD,20180409,102.10,102.10,75.54,75.64,577984,103.80,103.80,76.80,76.90,581401,114091,67200
TBD,20180406,88.82,88.82,88.82,88.82,49569,90.30,90.30,90.30,90.30,612942,407155,500
TBD,20180405,77.31,77.31,77.31,77.31,62529,78.60,78.60,78.60,78.60,195309,200,0
TBD,20180404,67.27,67.27,67.27,67.28,121035,68.40,68.40,68.40,68.40,4215710,244525,0
TBD,20180403,58.52,58.52,58.52,58.52,420610,59.50,59.50,59.50,59.50,341851,5000,100
TBD,20180402,50.95,50.95,50.95,50.95,174454,51.80,51.80,51.80,51.80,704887,0,0
TBD,20180330,42.79,46.72,42.79,46.52,231516,43.50,47.50,43.50,47.30,3151971,7000,0
TBD,20180329,42.78,43.27,42.29,43.28,114091,43.50,44.00,43.00,44.00,33284,31900,0
TBD,20180328,42.29,42.49,42.19,42.29,25533,43.00,43.20,42.90,43.00,891560,14700,0
TBD,20180327,43.18,43.18,42.00,42.29,31689,43.90,43.90,42.70,43.00,45000,7000,0
TBD,20180326,43.38,43.48,42.39,42.39,50409,44.10,44.20,43.10,43.10,0,0,0
TBD,20180323,42.30,43.48,42.10,43.28,123907,43.00,44.20,42.80,44.00,0,0,0
TBD,20180322,41.22,42.79,41.02,42.69,267961,41.90,43.50,41.70,43.40,0,0,0
TBD,20180321,41.80,42.39,40.81,42.20,187055,42.50,43.10,41.50,42.90,9456,0,0
TBD,20180320,40.33,43.28,40.33,42.29,146820,41.00,44.00,41.00,43.00,184539,0,0
TBD,20180319,41.11,41.11,35.80,40.33,68750,41.80,41.80,36.40,41.00,3533,0,0
TBD,20180316,41.90,42.20,41.31,41.80,19210,42.60,42.90,42.00,42.50,0,2000,0
TBD,20180315,42.10,42.30,42.10,42.20,39898,42.80,43.00,42.80,42.90,0,0,0
TBD,20180314,42.30,42.40,42.00,42.20,67198,43.00,43.10,42.70,42.90,0,1600,0
TBD,20180313,42.09,42.49,41.90,42.20,44755,42.80,43.20,42.60,42.90,28896,3600,0
TBD,20180312,41.31,42.79,41.31,42.29,61317,42.00,43.50,42.00,43.00,4839,0,0
TBD,20180309,40.33,42.39,39.44,41.90,72150,41.00,43.10,40.10,42.60,21250,0,0
TBD,20180308,39.35,42.20,37.48,41.31,107526,40.00,42.90,38.10,42.00,0,0,0
TBD,20180307,39.83,41.70,35.41,41.51,91985,40.50,42.40,36.00,42.20,0,0,0
TBD,20180306,38.56,41.71,38.46,40.13,63100,39.20,42.40,39.10,40.80,0,0,0
TBD,20180305,37.96,40.81,37.96,40.82,105805,38.60,41.50,38.60,41.50,0,0,0
TBD,20180302,37.96,40.13,37.76,39.83,72726,38.60,40.80,38.40,40.50,0,0,0
TBD,20180301,36.49,39.84,36.49,39.83,80211,37.10,40.50,37.10,40.50,0,0,0
TBD,20180228,39.84,39.84,36.00,37.87,92200,40.50,40.50,36.60,38.50,35030,0,0
TBD,20180227,37.57,39.15,36.88,37.77,27600,38.20,39.80,37.50,38.40,0,0,0
TBD,20180226,36.39,39.34,35.50,38.26,65800,37.00,40.00,36.10,38.90,0,0,0
TBD,20180223,31.87,39.25,31.87,36.88,38900,32.40,39.90,32.40,37.50,0,0,0
TBD,20180222,33.15,37.87,33.15,37.87,8750,33.70,38.50,33.70,38.50,0,0,0
TBD,20180221,37.17,39.53,37.17,39.54,26000,37.80,40.20,37.80,40.20,0,0,0
TBD,20180213,38.26,39.93,37.18,39.83,154900,38.90,40.60,37.80,40.50,0,0,0
TBD,20180212,37.57,39.34,36.98,39.34,145320,38.20,40.00,37.60,40.00,12888,0,0
TBD,20180209,37.38,37.67,37.18,37.67,179500,38.00,38.30,37.80,38.30,610000,0,0
TBD,20180208,36.88,37.27,36.88,37.18,139200,37.50,37.90,37.50,37.80,9919,0,0
TBD,20180207,36.88,36.88,36.88,36.88,44900,37.50,37.50,37.50,37.50,0,0,0
TBD,20180206,36.88,36.88,36.88,36.88,33000,37.50,37.50,37.50,37.50,8437,0,0
TBD,20180205,36.88,37.08,36.88,36.98,50600,37.50,37.70,37.50,37.60,0,0,0
TBD,20180202,36.39,36.39,36.39,36.39,3300,37.00,37.00,37.00,37.00,5088,0,0
TBD,20180201,36.39,36.39,36.39,36.39,1100,37.00,37.00,37.00,37.00,0,0,0
TBD,20180131,36.39,36.39,36.39,36.39,6740,37.00,37.00,37.00,37.00,0,0,0
TBD,20180130,36.39,36.39,36.39,36.39,8510,37.00,37.00,37.00,37.00,18057,0,0
TBD,20180129,36.30,36.39,36.30,36.39,10300,36.90,37.00,36.90,37.00,0,0,0
TBD,20180126,34.23,34.23,34.23,34.23,34,34.80,34.80,34.80,34.80,10272,0,0
TBD,20180125,34.23,34.23,34.23,34.23,10,34.80,34.80,34.80,34.80,15939,0,0
TBD,20180124,36.88,36.88,31.57,36.39,7956,37.50,37.50,32.10,37.00,10243,0,0
TBD,20180123,36.88,36.98,36.88,36.98,8313,37.50,37.60,37.50,37.60,0,0,0
TBD,20180122,36.79,36.89,36.79,36.88,19901,37.40,37.50,37.40,37.50,0,0,0
TBD,20180119,36.69,36.98,36.59,36.59,9528,37.30,37.60,37.20,37.20,0,0,0
TBD,20180118,36.59,36.59,36.49,36.49,438,37.20,37.20,37.10,37.10,0,0,0
TBD,20180117,36.39,37.08,36.39,37.08,6000,37.00,37.70,37.00,37.70,0,0,0
TBD,20180116,35.41,36.98,35.41,36.39,34400,36.00,37.60,36.00,37.00,1849,0,0
TBD,20180115,34.91,36.88,34.42,34.72,24761,35.50,37.50,35.00,35.30,0,0,0
TBD,20180112,36.39,36.39,36.39,36.39,33,37.00,37.00,37.00,37.00,0,0,0
TBD,20180111,37.38,37.38,36.39,36.39,5295,38.00,38.00,37.00,37.00,35030,0,0
TBD,20180110,37.77,37.77,37.77,37.77,7,38.40,38.40,38.40,38.40,26000,0,0
TBD,20180109,37.86,37.86,36.88,37.87,43190,38.50,38.50,37.50,38.50,0,0,0
TBD,20180108,36.88,36.88,33.93,36.88,18200,37.50,37.50,34.50,37.50,0,0,0
TBD,20180105,34.82,36.89,34.53,34.52,7500,35.40,37.50,35.10,35.10,0,0,0
TBD,20180104,37.87,37.87,33.74,37.38,26427,38.50,38.50,34.30,38.00,0,0,0
TBD,20180103,32.65,37.37,32.45,37.38,11400,33.20,38.00,33.00,38.00,0,0,0
TBD,20180102,35.01,36.88,35.01,36.88,19300,35.60,37.50,35.60,37.50,0,0,0
TBD,20171229,35.51,36.00,35.51,35.90,18900,36.10,36.60,36.10,36.50,11389,0,0
TBD,20171228,36.39,37.18,35.99,37.18,19100,37.00,37.80,36.60,37.80,0,0,0
TBD,20171227,35.02,36.89,31.77,36.88,42600,35.60,37.50,32.30,37.50,1641,0,0
TBD,20171226,34.92,34.92,34.92,34.92,200,35.50,35.50,35.50,35.50,17548,0,0
TBD,20171222,34.42,34.42,32.75,32.75,8500,35.00,35.00,33.30,33.30,0,0,0
TBD,20171221,34.72,36.30,34.72,36.29,12551,35.30,36.90,35.30,36.90,0,0,0
TBD,20171220,31.96,32.46,31.87,31.87,10500,32.50,33.00,32.40,32.40,240000,0,0
TBD,20171219,37.28,39.35,33.54,39.34,10905,37.90,40.00,34.10,40.00,0,0,0
TBD,20171218,37.28,37.38,37.28,37.28,1110,37.90,38.00,37.90,37.90,15729,0,0
TBD,20171215,36.99,37.38,36.99,37.38,12890,37.60,38.00,37.60,38.00,0,0,0
TBD,20171214,36.39,37.37,36.39,37.38,47400,37.00,38.00,37.00,38.00,21525,0,0
TBD,20171213,35.90,36.39,35.90,36.39,6300,36.50,37.00,36.50,37.00,0,0,0
TBD,20171212,36.20,36.89,36.20,36.88,10800,36.80,37.50,36.80,37.50,0,0,0
TBD,20171208,36.39,36.39,35.41,35.61,6800,37.00,37.00,36.00,36.20,59,0,0
TBD,20171207,36.39,36.39,36.39,36.39,19482,37.00,37.00,37.00,37.00,0,0,0
TBD,20171206,36.39,36.39,36.39,36.39,13000,37.00,37.00,37.00,37.00,0,0,0
TBD,20171205,36.39,36.39,36.39,36.39,20200,37.00,37.00,37.00,37.00,0,0,0
TBD,20171204,36.39,36.39,35.41,36.39,33200,37.00,37.00,36.00,37.00,39777,0,0
TBD,20171201,36.39,36.39,36.39,36.39,4112,37.00,37.00,37.00,37.00,4489,0,0
TBD,20171130,36.40,36.40,36.40,36.39,31900,37.00,37.00,37.00,37.00,0,0,0
TBD,20171129,31.47,36.78,31.47,36.79,3088,32.00,37.40,32.00,37.40,0,0,0
TBD,20171128,35.41,36.39,35.41,36.39,7900,36.00,37.00,36.00,37.00,0,0,0
TBD,20171127,36.39,36.39,36.39,36.39,4900,37.00,37.00,37.00,37.00,0,0,0
TBD,20171124,36.78,36.88,36.39,36.88,32700,37.40,37.50,37.00,37.50,0,0,0
TBD,20171123,36.88,36.88,36.88,36.88,25608,37.50,37.50,37.50,37.50,0,0,0
TBD,20171122,35.41,36.88,35.41,36.88,12595,36.00,37.50,36.00,37.50,0,0,0
TBD,20171121,35.41,35.90,35.41,35.90,2400,36.00,36.50,36.00,36.50,0,0,0
TBD,20171120,34.92,35.12,34.92,35.11,25900,35.50,35.70,35.50,35.70,0,0,0
TBD,20171117,34.43,34.92,34.43,34.92,18800,35.00,35.50,35.00,35.50,101320,0,0
TBD,20171116,34.43,34.53,34.43,34.43,2500,35.00,35.10,35.00,35.00,0,0,0
TBD,20171115,36.79,36.79,36.79,36.79,100,37.40,37.40,37.40,37.40,4341,0,0
TBD,20171114,34.42,34.42,33.93,34.43,9300,35.00,35.00,34.50,35.00,0,0,0
TBD,20171113,34.43,34.92,34.43,34.72,11000,35.00,35.50,35.00,35.30,7956,0,0
TBD,20171110,34.43,34.92,34.43,34.92,1650,35.00,35.50,35.00,35.50,0,0,0
TBD,20171109,34.82,34.92,34.82,34.92,12015,35.40,35.50,35.40,35.50,0,18,0
TBD,20171108,35.51,35.51,34.82,34.82,3702,36.10,36.10,35.40,35.40,52,2,52
TBD,20171107,35.41,35.41,34.53,35.41,19703,36.00,36.00,35.10,36.00,0,0,100
TBD,20171106,34.43,34.43,34.43,34.43,1228,35.00,35.00,35.00,35.00,7,0,0
TBD,20171103,35.41,35.41,35.41,35.41,4800,36.00,36.00,36.00,36.00,0,0,0
TBD,20171101,35.41,35.41,35.41,35.41,300,36.00,36.00,36.00,36.00,0,0,0
TBD,20171031,36.39,36.49,34.42,36.49,11111,37.00,37.10,35.00,37.10,0,0,0
TBD,20171017,36.40,36.50,36.40,36.49,1200,37.00,37.10,37.00,37.10,0,0,0
TBD,20171016,35.50,35.50,33.44,34.43,1000,36.10,36.10,34.00,35.00,0,0,0
TBD,20171013,30.98,30.98,30.98,30.98,300,31.50,31.50,31.50,31.50,0,0,0
TBD,20171011,35.41,35.41,35.41,35.41,1400,36.00,36.00,36.00,36.00,0,0,0
TBD,20171010,35.90,35.90,35.90,35.90,200,36.50,36.50,36.50,36.50,0,0,0
TBD,20171009,35.90,36.39,35.90,36.39,370,36.50,37.00,36.50,37.00,0,0,0
TBD,20171006,34.72,35.41,34.72,35.41,860,35.30,36.00,35.30,36.00,0,0,0
TBD,20171004,34.03,35.41,34.03,34.43,3000,34.60,36.00,34.60,35.00,0,0,0
TBD,20171003,34.52,41.11,34.52,41.11,800,35.10,41.80,35.10,41.80,14719,0,0
TBD,20171002,36.89,36.89,35.41,36.88,6100,37.50,37.50,36.00,37.50,0,0,0
TBD,20170927,37.97,37.97,37.97,37.97,4210,38.60,38.60,38.60,38.60,126000,0,0
TBD,20170926,38.46,38.46,37.87,37.87,1400,39.10,39.10,38.50,38.50,0,0,0
TBD,20170925,38.36,38.85,38.36,38.36,4225,39.00,39.50,39.00,39.00,0,0,0
TBD,20170922,41.63,41.63,31.00,30.98,7610,42.30,42.30,31.50,31.50,0,0,0
TBD,20170921,36.23,36.23,36.17,36.22,10315,66.00,66.00,65.90,66.00,5520,0,0
TBD,20170920,36.28,36.33,35.68,36.28,49405,66.10,66.20,65.00,66.10,80416,0,0
TBD,20170919,36.28,36.28,36.23,36.28,10070,66.10,66.10,66.00,66.10,23562,0,0
TBD,20170918,36.22,36.49,36.22,36.50,17740,66.00,66.50,66.00,66.50,13608,0,0
TBD,20170915,36.49,36.88,36.06,36.22,9010,66.50,67.20,65.70,66.00,41597,0,0
TBD,20170914,35.94,36.22,35.94,36.22,23145,65.50,66.00,65.50,66.00,4601,0,0
TBD,20170913,36.22,36.22,35.67,35.67,11083,66.00,66.00,65.00,65.00,18451,0,0
TBD,20170912,36.27,36.49,36.22,36.22,19627,66.10,66.50,66.00,66.00,2000,0,0
TBD,20170911,32.93,36.23,32.93,36.22,62002,60.00,66.00,60.00,66.00,0,0,0
TBD,20170908,31.33,31.61,31.33,31.56,3717,57.10,57.60,57.10,57.50,5109,0,0
TBD,20170907,31.50,31.55,31.28,31.28,5919,57.40,57.50,57.00,57.00,0,0,0
TBD,20170906,31.28,31.28,31.28,31.28,181,57.00,57.00,57.00,57.00,9812,0,0
TBD,20170905,31.28,31.33,31.28,31.28,10400,57.00,57.10,57.00,57.00,0,0,0
TBD,20170901,30.74,31.34,30.19,31.28,40100,56.00,57.10,55.00,57.00,10616,0,0
TBD,20170831,29.64,29.64,29.64,29.64,1000,54.00,54.00,54.00,54.00,0,0,0
TBD,20170830,29.64,29.64,29.64,29.64,3000,54.00,54.00,54.00,54.00,4954,0,0
TBD,20170829,29.64,29.64,29.64,29.64,3004,54.00,54.00,54.00,54.00,12601,0,0
TBD,20170824,27.55,31.83,27.55,31.83,200,50.20,58.00,50.20,58.00,3266,0,0
TBD,20170822,28.65,28.65,28.65,28.65,100,52.20,52.20,52.20,52.20,0,0,0
TBD,20170808,30.35,30.35,30.19,30.35,11000,55.30,55.30,55.00,55.30,0,0,0
TBD,20170807,30.18,30.29,30.18,30.30,13300,55.00,55.20,55.00,55.20,6423,0,4800
TBD,20170804,26.35,26.35,26.35,26.34,100,48.00,48.00,48.00,48.00,0,0,0
TBD,20170803,27.45,29.64,25.80,25.80,16700,50.00,54.00,47.00,47.00,2594,0,10500
TBD,20170802,25.80,25.80,25.80,25.80,1000,47.00,47.00,47.00,47.00,11425,0,1000
TBD,20170801,28.54,28.54,28.54,28.54,310,52.00,52.00,52.00,52.00,19380,10,300
TBD,20170731,30.18,31.28,30.18,31.28,2700,55.00,57.00,55.00,57.00,19109,0,0
TBD,20170727,31.83,31.83,31.83,31.83,300,58.00,58.00,58.00,58.00,0,0,0
TBD,20170725,32.93,32.93,26.40,26.40,1300,60.00,60.00,48.10,48.10,0,0,0
TBD,20170724,28.65,28.65,28.65,28.65,100,53.40,53.40,53.40,53.40,5500,0,0
TBD,20170721,24.95,24.95,24.95,24.95,500,46.50,46.50,46.50,46.50,2302,0,0
TBD,20170720,25.75,30.04,25.75,26.02,1142,48.00,56.00,48.00,48.50,1500,0,0
TBD,20170719,28.97,28.97,28.97,28.97,200,54.00,54.00,54.00,54.00,0,0,0
TBD,20170718,27.95,27.95,27.95,27.95,500,52.10,52.10,52.10,52.10,0,0,0
TBD,20170717,29.51,29.51,29.51,29.51,100,55.00,55.00,55.00,55.00,0,0,0
TBD,20170713,26.45,31.12,26.45,29.51,4000,49.30,58.00,49.30,55.00,0,0,0
TBD,20170712,31.12,31.12,31.12,31.12,100,58.00,58.00,58.00,58.00,5000,0,0
TBD,20170711,31.12,31.12,31.12,31.12,300,58.00,58.00,58.00,58.00,0,0,0
TBD,20170707,32.72,32.72,32.19,32.19,800,61.00,61.00,60.00,60.00,5073,0,0
TBD,20170705,33.27,33.27,33.27,33.26,200,62.00,62.00,62.00,62.00,0,0,0
TBD,20170629,29.67,31.66,29.67,31.65,500,55.30,59.00,55.30,59.00,0,0,0
TBD,20170628,29.62,29.67,29.62,29.67,1300,55.20,55.30,55.20,55.30,11053,0,0
TBD,20170627,29.56,29.56,29.51,29.51,6000,55.10,55.10,55.00,55.00,0,0,0
TBD,20170626,29.51,29.67,29.51,29.67,1200,55.00,55.30,55.00,55.30,0,0,0
TBD,20170623,28.97,28.97,28.97,28.97,300,54.00,54.00,54.00,54.00,0,0,0
TBD,20170622,29.51,29.51,29.51,29.51,3000,55.00,55.00,55.00,55.00,24570,0,0
TBD,20170620,29.50,29.50,29.50,29.51,1200,55.00,55.00,55.00,55.00,0,0,0
TBD,20170619,28.43,28.43,28.43,28.43,1000,53.00,53.00,53.00,53.00,0,0,0
TBD,20170616,28.44,28.44,28.44,28.43,2000,53.00,53.00,53.00,53.00,0,0,0
TBD,20170614,29.50,30.04,28.97,28.97,1702,55.00,56.00,54.00,54.00,0,0,0
TBD,20170612,28.70,28.70,28.70,28.70,300,53.50,53.50,53.50,53.50,0,0,0
TBD,20170606,29.24,29.24,29.24,29.24,200,54.50,54.50,54.50,54.50,3452,0,0
TBD,20170605,28.98,28.98,28.98,28.97,100,54.00,54.00,54.00,54.00,0,0,0
TBD,20170531,28.60,28.60,28.60,28.60,25,53.30,53.30,53.30,53.30,26273,0,0
TBD,20170523,27.90,28.98,27.90,28.97,400,52.00,54.00,52.00,54.00,0,0,0
TBD,20170519,22.53,27.63,22.53,27.63,1400,42.00,51.50,42.00,51.50,0,0,0
TBD,20170515,26.29,26.29,26.29,26.29,5,49.00,49.00,49.00,49.00,0,0,0
TBD,20170510,26.29,26.29,26.29,26.29,100,49.00,49.00,49.00,49.00,17007,0,0
TBD,20170505,26.29,26.29,26.29,26.29,900,49.00,49.00,49.00,49.00,0,0,0
TBD,20170504,25.75,27.36,25.75,27.36,1700,48.00,51.00,48.00,51.00,0,0,0
TBD,20170419,26.82,26.82,26.82,26.82,1000,50.00,50.00,50.00,50.00,3891,0,0
TBD,20170414,25.37,25.37,24.41,24.41,4000,47.30,47.30,45.50,45.50,6261,0,0
TBD,20170413,25.21,25.75,25.21,25.75,300,47.00,48.00,47.00,48.00,0,0,0
TBD,20170411,25.21,26.55,25.21,26.56,300,47.00,49.50,47.00,49.50,0,0,0
TBD,20170410,23.13,23.13,23.13,23.12,200,43.10,43.10,43.10,43.10,0,0,0
TBD,20170407,24.95,24.95,24.95,24.95,100,46.50,46.50,46.50,46.50,0,0,0
TBD,20170403,26.82,27.90,26.82,27.90,4400,50.00,52.00,50.00,52.00,5200,0,0
TBD,20170331,25.21,25.75,25.21,25.75,200,47.00,48.00,47.00,48.00,0,0,0
TBD,20170330,24.14,26.82,24.14,26.82,1000,45.00,50.00,45.00,50.00,0,0,0
TBD,20170329,27.09,27.09,27.09,27.09,100,50.50,50.50,50.50,50.50,0,0,0
TBD,20170328,28.43,28.43,28.43,28.43,66,53.00,53.00,53.00,53.00,0,0,0
TBD,20170327,28.44,28.44,28.44,28.43,300,53.00,53.00,53.00,53.00,4486,0,0
TBD,20170324,27.47,27.47,27.47,27.47,6671,51.20,51.20,51.20,51.20,1115,0,0
TBD,20170323,29.77,29.77,29.77,29.78,100,55.50,55.50,55.50,55.50,0,0,0
TBD,20170322,30.04,30.04,30.04,30.04,54,56.00,56.00,56.00,56.00,0,0,0
TBD,20170317,30.04,30.04,30.04,30.04,500,56.00,56.00,56.00,56.00,17078,0,0
TBD,20170316,34.07,34.07,32.19,33.58,2300,63.50,63.50,60.00,62.60,0,0,0
TBD,20170315,34.12,34.12,34.12,34.12,18100,63.60,63.60,63.60,63.60,0,0,0
TBD,20170314,28.97,30.04,28.97,30.04,8100,54.00,56.00,54.00,56.00,0,0,0
TBD,20170313,28.97,28.97,28.65,28.81,1200,54.00,54.00,53.40,53.70,0,0,0
TBD,20170310,27.90,28.43,27.90,27.95,2900,52.00,53.00,52.00,52.10,0,0,0
TBD,20170309,27.36,27.36,27.36,27.36,100,51.00,51.00,51.00,51.00,0,0,0
TBD,20170308,25.48,26.82,25.48,26.82,7800,47.50,50.00,47.50,50.00,0,0,0
TBD,20170307,25.21,26.82,25.16,26.82,8800,47.00,50.00,46.90,50.00,0,0,0
TBD,20170306,26.34,26.34,26.34,26.34,1300,49.10,49.10,49.10,49.10,0,0,0
TBD,20170303,26.51,26.51,26.51,26.50,1700,49.40,49.40,49.40,49.40,0,0,0
TBD,20170302,26.56,26.56,26.50,26.56,1200,49.50,49.50,49.40,49.50,3021,0,0
TBD,20170228,24.73,26.55,24.73,26.56,2800,46.10,49.50,46.10,49.50,0,0,0
TBD,20170227,26.02,26.51,26.02,26.50,2800,48.50,49.40,48.50,49.40,0,0,0
TBD,20170224,24.20,24.95,24.20,24.95,5500,45.10,46.50,45.10,46.50,0,0,0
TBD,20170223,24.68,24.95,24.20,24.20,3300,46.00,46.50,45.10,45.10,0,0,0
TBD,20170222,24.95,24.95,24.68,24.68,1000,46.50,46.50,46.00,46.00,0,0,0
TBD,20170214,25.16,25.16,25.16,25.16,100,46.90,46.90,46.90,46.90,0,0,0
TBD,20170202,22.27,22.27,22.27,22.26,100,41.50,41.50,41.50,41.50,0,0,0
TBD,20170123,19.37,19.37,19.37,19.37,100,36.10,36.10,36.10,36.10,5000,0,0
TBD,20170119,22.59,22.59,22.59,22.59,100,42.10,42.10,42.10,42.10,0,0,0
TBD,20170112,25.75,26.29,25.75,26.29,23700,48.00,49.00,48.00,49.00,0,0,0
TBD,20170111,23.07,23.07,23.07,23.07,100,43.00,43.00,43.00,43.00,0,0,0
TBD,20170109,24.68,25.75,24.68,24.68,1500,46.00,48.00,46.00,46.00,24510,0,0
TBD,20170104,23.93,23.93,23.93,23.93,2500,44.60,44.60,44.60,44.60,0,0,0
TBD,20161230,20.82,20.82,20.82,20.82,100,38.80,38.80,38.80,38.80,0,0,0
TBD,20161229,24.41,24.41,24.41,24.41,300,45.50,45.50,45.50,45.50,0,0,0
TBD,20161222,23.88,23.88,23.88,23.87,200,44.50,44.50,44.50,44.50,0,0,0
TBD,20161212,23.61,23.61,23.61,23.61,1000,44.00,44.00,44.00,44.00,0,0,0
TBD,20161208,23.23,23.23,23.23,23.23,200,43.30,43.30,43.30,43.30,63771,0,0
TBD,20161207,23.23,23.34,23.23,23.34,2100,43.30,43.50,43.30,43.50,0,0,0
TBD,20161206,25.96,25.96,25.96,25.97,1000,48.40,48.40,48.40,48.40,0,0,0
TBD,20161205,19.69,25.48,19.69,25.48,200,36.70,47.50,36.70,47.50,0,0,0
TBD,20161201,23.07,23.12,23.07,23.12,2900,43.00,43.10,43.00,43.10,0,0,0
TBD,20161122,23.07,24.95,23.07,24.95,3100,43.00,46.50,43.00,46.50,0,0,0
TBD,20161121,26.18,26.18,26.18,26.18,700,48.80,48.80,48.80,48.80,0,0,0
TBD,20161118,22.80,22.80,22.80,22.80,400,42.50,42.50,42.50,42.50,0,0,0
TBD,20161116,23.87,26.77,23.87,26.77,1200,44.50,49.90,44.50,49.90,0,0,0
TBD,20161115,27.36,27.36,27.36,27.36,100,51.00,51.00,51.00,51.00,35,0,0
TBD,20161114,28.97,28.97,28.97,28.97,100,54.00,54.00,54.00,54.00,45,0,0
TBD,20161111,25.91,25.91,25.91,25.91,100,48.30,48.30,48.30,48.30,0,0,0
TBD,20161104,22.64,22.64,22.64,22.64,500,42.20,42.20,42.20,42.20,0,0,0
TBD,20161103,22.59,22.59,22.54,22.53,300,42.10,42.10,42.00,42.00,0,0,0
TBD,20161101,25.21,25.91,25.21,25.91,5000,47.00,48.30,47.00,48.30,0,0,0
TBD,20161027,22.53,22.53,22.53,22.53,600,42.00,42.00,42.00,42.00,0,0,0
TBD,20161026,22.05,22.05,22.05,22.05,500,41.10,41.10,41.10,41.10,0,0,0
TBD,20161025,19.21,19.21,19.21,19.21,100,35.80,35.80,35.80,35.80,0,0,0
TBD,20161024,22.42,22.42,22.42,22.43,200,41.80,41.80,41.80,41.80,0,0,0
TBD,20161021,22.42,22.53,22.42,22.53,8500,41.80,42.00,41.80,42.00,0,0,0
TBD,20161020,22.53,22.53,22.53,22.53,100,42.00,42.00,42.00,42.00,0,0,0
TBD,20161019,22.53,22.53,22.37,22.37,1200,42.00,42.00,41.70,41.70,0,0,0
TBD,20161018,25.11,25.11,25.11,25.11,1000,46.80,46.80,46.80,46.80,0,0,0
TBD,20161017,29.51,29.51,29.51,29.51,100,55.00,55.00,55.00,55.00,0,0,0
TBD,20161010,32.36,32.36,32.36,32.35,100,60.30,60.30,60.30,60.30,0,0,0
TBD,20161007,28.17,28.17,28.17,28.17,100,52.50,52.50,52.50,52.50,0,0,0
TBD,20161006,23.34,25.70,23.34,25.70,200,43.50,47.90,43.50,47.90,0,0,0
TBD,20161005,22.37,22.37,22.37,22.37,3400,41.70,41.70,41.70,41.70,0,0,0
TBD,20161004,22.37,22.75,22.37,22.75,2000,41.70,42.40,41.70,42.40,0,0,0
TBD,20161003,22.37,22.37,22.37,22.37,3300,41.70,41.70,41.70,41.70,0,0,0
TBD,20160930,19.69,22.54,19.69,22.53,1600,36.70,42.00,36.70,42.00,0,0,0
TBD,20160929,19.64,19.64,19.64,19.64,10,36.60,36.60,36.60,36.60,0,0,0
TBD,20160928,19.64,19.64,19.64,19.64,141,36.60,36.60,36.60,36.60,0,0,0
TBD,20160927,23.07,23.07,23.07,23.07,10,43.00,43.00,43.00,43.00,2070,0,0
TBD,20160922,23.08,23.08,23.08,23.07,100,43.00,43.00,43.00,43.00,0,0,0
TBD,20160920,22.37,22.37,18.94,18.94,345,41.70,41.70,35.30,35.30,0,0,0
TBD,20160916,22.05,22.05,22.05,22.05,1000,41.10,41.10,41.10,41.10,0,0,0
TBD,20160915,22.05,22.05,22.05,22.05,900,41.10,41.10,41.10,41.10,0,0,0
TBD,20160824,22.05,22.05,22.05,22.05,100,41.10,41.10,41.10,41.10,0,0,0
TBD,20160823,22.05,22.05,22.05,22.05,200,41.10,41.10,41.10,41.10,0,0,0
TBD,20160819,19.20,19.20,19.20,19.21,100,35.80,35.80,35.80,35.80,0,0,0
TBD,20160818,22.53,22.53,22.53,22.53,10,42.00,42.00,42.00,42.00,0,0,0
TBD,20160811,22.53,22.53,22.53,22.53,100,42.00,42.00,42.00,42.00,0,0,0
TBD,20160809,22.48,22.48,22.48,22.48,100,41.90,41.90,41.90,41.90,0,0,0
TBD,20160729,19.58,19.58,19.58,19.58,100,36.50,36.50,36.50,36.50,0,0,0
TBD,20160727,22.80,22.80,22.80,22.80,400,42.50,42.50,42.50,42.50,0,0,0
TBD,20160726,22.80,22.80,22.80,22.80,100,42.50,42.50,42.50,42.50,0,0,0
TBD,20160713,26.83,26.83,26.83,26.82,100,50.00,50.00,50.00,50.00,0,0,0
TBD,20160711,23.33,23.33,23.33,23.34,2000,43.50,43.50,43.50,43.50,0,0,0
TBD,20160704,22.10,22.10,22.10,22.10,1100,41.20,41.20,41.20,41.20,0,0,0
TBD,20160630,19.32,19.32,19.32,19.31,100,36.00,36.00,36.00,36.00,0,0,0
TBD,20160629,18.19,18.19,18.19,18.19,1000,33.90,33.90,33.90,33.90,0,0,0
TBD,20160628,15.83,15.83,15.83,15.83,100,29.50,29.50,29.50,29.50,0,0,0
TBD,20160627,15.03,18.84,15.03,18.83,200,28.00,35.10,28.00,35.10,0,0,0
TBD,20160621,17.43,17.43,17.43,17.44,100,32.50,32.50,32.50,32.50,0,0,0
TBD,20160617,18.99,19.26,18.99,19.26,300,35.40,35.90,35.40,35.90,2300,0,0
TBD,20160616,20.39,20.39,20.39,20.39,100,38.00,38.00,38.00,38.00,0,0,0
TBD,20160614,22.41,22.41,22.41,22.43,200,41.80,41.80,41.80,41.80,2300,0,0
TBD,20160613,22.53,22.57,22.28,22.57,5100,62.40,62.50,61.70,62.50,42870,0,0
TBD,20160610,20.77,22.75,20.77,22.71,3100,57.50,63.00,57.50,62.90,0,0,0
TBD,20160609,21.49,21.49,21.49,21.49,200,59.50,59.50,59.50,59.50,0,0,0
TBD,20160608,19.17,21.63,19.17,21.31,6600,53.10,59.90,53.10,59.00,0,0,0
TBD,20160607,21.49,21.67,19.36,19.39,3600,59.50,60.00,53.60,53.70,0,0,0
TBD,20160603,18.81,22.38,18.81,22.39,5900,52.10,62.00,52.10,62.00,0,0,0
TBD,20160530,19.54,23.11,19.54,22.75,20041,54.10,64.00,54.10,63.00,0,0,0
TBD,20160527,22.39,23.11,22.39,23.11,2400,62.00,64.00,62.00,64.00,0,0,0
TBD,20160526,20.54,20.54,20.54,20.55,100,56.90,56.90,56.90,56.90,0,0,0
TBD,20160524,18.81,21.63,18.78,21.31,8200,52.10,59.90,52.00,59.00,0,0,0
TBD,20160523,19.40,19.40,19.40,19.39,100,53.70,53.70,53.70,53.70,0,0,0
TBD,20160520,18.85,19.36,18.85,19.36,2400,52.20,53.60,52.20,53.60,0,0,0
TBD,20160519,18.96,18.96,18.96,18.96,4000,52.50,52.50,52.50,52.50,0,0,0
TBD,20160518,21.99,21.99,19.43,19.43,9100,60.90,60.90,53.80,53.80,0,0,0
TBD,20160517,18.81,21.59,18.81,19.32,5841,52.10,59.80,52.10,53.50,0,0,0
TBD,20160512,18.67,21.63,18.59,19.32,13300,51.70,59.90,51.50,53.50,0,0,0
TBD,20160509,19.17,21.12,19.17,19.36,17000,53.10,58.50,53.10,53.60,0,0,0
TBD,20160505,21.05,21.05,21.05,21.05,100,58.30,58.30,58.30,58.30,0,0,0
TBD,20160504,18.59,21.63,18.41,21.63,8400,51.50,59.90,51.00,59.90,0,0,0
TBD,20160429,21.59,21.59,21.59,21.59,100,59.80,59.80,59.80,59.80,0,0,0
TBD,20160428,19.68,19.68,19.68,19.68,1100,54.50,54.50,54.50,54.50,0,0,0
TBD,20160427,19.89,19.89,19.89,19.90,5,55.10,55.10,55.10,55.10,0,0,0
TBD,20160426,21.66,21.66,18.95,19.17,13727,60.00,60.00,52.50,53.10,0,0,0
TBD,20160425,22.02,22.02,18.59,21.59,6600,61.00,61.00,51.50,59.80,0,0,0
TBD,20160422,20.58,20.94,20.58,20.94,7700,57.00,58.00,57.00,58.00,0,0,0
TBD,20160421,19.21,19.21,19.21,19.21,1500,53.20,53.20,53.20,53.20,0,0,0
TBD,20160420,17.88,20.77,17.88,20.76,9000,49.50,57.50,49.50,57.50,0,0,0
TBD,20160419,18.95,18.95,18.95,18.96,100,52.50,52.50,52.50,52.50,0,0,0
TBD,20160415,19.97,21.41,19.97,21.41,3600,55.30,59.30,55.30,59.30,0,0,0
TBD,20160414,19.96,19.96,19.96,19.97,100,55.30,55.30,55.30,55.30,0,0,0
TBD,20160413,17.69,17.69,17.69,17.69,100,49.00,49.00,49.00,49.00,0,0,0
TBD,20160412,17.70,17.70,17.70,17.69,100,49.00,49.00,49.00,49.00,61,0,0
TBD,20160411,21.48,21.48,19.14,21.49,9200,59.50,59.50,53.00,59.50,39,0,0
TBD,20160407,19.14,21.48,19.14,21.49,6067,53.00,59.50,53.00,59.50,0,0,0
TBD,20160406,19.75,19.75,19.75,19.75,3200,54.70,54.70,54.70,54.70,0,0,0
TBD,20160404,17.19,17.19,17.19,17.19,100,47.60,47.60,47.60,47.60,0,0,0
TBD,20160401,19.93,19.93,19.86,19.86,10800,55.20,55.20,55.00,55.00,0,0,0
TBD,20160331,17.33,17.33,17.33,17.33,100,48.00,48.00,48.00,48.00,0,0,0
TBD,20160330,19.14,19.93,19.14,19.93,8600,53.00,55.20,53.00,55.20,0,0,0
TBD,20160329,17.33,17.33,17.33,17.33,200,48.00,48.00,48.00,48.00,0,0,0
TBD,20160328,19.11,20.23,19.11,20.22,9800,52.90,56.00,52.90,56.00,0,0,0
TBD,20160325,16.61,18.05,16.61,18.06,300,46.00,50.00,46.00,50.00,0,0,0
TBD,20160324,16.61,19.86,16.61,19.86,7900,46.00,55.00,46.00,55.00,0,0,0
TBD,20160323,16.65,19.86,16.54,19.86,4900,46.10,55.00,45.80,55.00,0,0,0
TBD,20160322,15.71,19.50,15.71,19.50,5000,43.50,54.00,43.50,54.00,0,0,0
TBD,20160321,16.97,16.97,16.97,16.97,200,47.00,47.00,47.00,47.00,0,0,0
TBD,20160318,17.69,17.69,17.69,17.69,681,49.00,49.00,49.00,49.00,0,0,0
TBD,20160316,19.32,21.12,19.32,21.12,8900,53.50,58.50,53.50,58.50,83,0,0
TBD,20160315,19.50,19.50,18.67,19.46,20000,54.00,54.00,51.70,53.90,0,0,0
TBD,20160311,17.65,19.50,17.65,19.50,35100,48.90,54.00,48.90,54.00,0,0,0
TBD,20160309,17.70,17.80,17.70,17.80,5500,49.00,49.30,49.00,49.30,0,0,0
TBD,20160308,14.84,16.35,14.80,16.36,4800,41.10,45.30,41.00,45.30,0,0,0
TBD,20160307,14.73,14.73,14.73,14.73,11,40.80,40.80,40.80,40.80,0,0,0
TBD,20160303,14.81,14.81,14.09,14.08,2800,41.00,41.00,39.00,39.00,0,0,0
TBD,20160302,16.46,16.46,16.46,16.47,100,45.60,45.60,45.60,45.60,0,0,0
TBD,20160301,14.84,14.84,14.56,14.55,4200,41.10,41.10,40.30,40.30,0,0,0
TBD,20160226,17.11,17.11,17.11,17.12,100,47.40,47.40,47.40,47.40,0,0,0
TBD,20160224,15.02,15.02,15.02,15.02,1100,41.60,41.60,41.60,41.60,0,0,0
TBD,20160223,15.53,15.53,15.53,15.53,100,43.00,43.00,43.00,43.00,0,0,0
TBD,20160219,17.16,17.16,17.16,17.15,100,47.50,47.50,47.50,47.50,0,0,0
TBD,20160218,15.17,15.17,15.17,15.17,20,42.00,42.00,42.00,42.00,0,0,0
TBD,20160217,15.16,15.16,15.16,15.17,100,42.00,42.00,42.00,42.00,0,0,0
TBD,20160216,16.97,16.97,16.97,16.97,100,47.00,47.00,47.00,47.00,0,0,0
TBD,20160205,19.50,19.50,19.50,19.50,100,54.00,54.00,54.00,54.00,0,0,0
TBD,20160203,17.80,18.45,17.80,18.45,6282,49.30,51.10,49.30,51.10,0,0,0
TBD,20160202,15.53,18.96,15.53,15.92,14000,43.00,52.50,43.00,44.10,0,0,0
TBD,20160201,15.89,18.96,15.89,15.89,14600,44.00,52.50,44.00,44.00,0,0,0
TBD,20160129,16.61,17.80,16.61,16.61,2200,46.00,49.30,46.00,46.00,0,0,0
TBD,20160128,15.34,19.10,15.34,15.92,28300,42.50,52.90,42.50,44.10,98,0,0
TBD,20160127,17.51,17.62,15.16,15.56,22500,48.50,48.80,42.00,43.10,0,0,0
TBD,20160126,17.88,17.88,14.81,17.33,10500,49.50,49.50,41.00,48.00,0,0,0
TBD,20160125,16.79,17.70,14.81,16.11,20600,46.50,49.00,41.00,44.60,0,0,0
TBD,20160122,17.15,17.51,14.48,14.88,46100,47.50,48.50,40.10,41.20,0,0,0
TBD,20160121,14.63,17.16,14.45,14.84,10500,40.50,47.50,40.00,41.10,0,0,0
TBD,20160120,15.16,17.33,14.44,14.88,21800,42.00,48.00,40.00,41.20,0,0,0
TBD,20160119,16.07,17.15,14.66,16.32,26000,44.50,47.50,40.60,45.20,0,0,0
TBD,20160118,15.06,17.16,15.03,15.06,13100,41.70,47.50,41.60,41.70,0,0,0
TBD,20160115,15.89,16.29,14.27,16.29,19300,44.00,45.10,39.50,45.10,0,0,0
TBD,20160114,14.12,14.80,14.08,14.81,6600,39.10,41.00,39.00,41.00,0,0,0
TBD,20160113,15.60,16.97,14.08,16.97,42900,43.20,47.00,39.00,47.00,0,0,0
TBD,20160112,15.17,15.71,15.17,15.71,9000,42.00,43.50,42.00,43.50,0,0,0
TBD,20160111,13.72,16.54,13.72,16.54,18700,38.00,45.80,38.00,45.80,0,0,0
TBD,20160108,14.80,14.80,13.72,13.72,17000,41.00,41.00,38.00,38.00,0,0,0
TBD,20160106,14.44,14.44,14.44,14.44,500,40.00,40.00,40.00,40.00,0,0,0
TBD,20160105,13.73,14.45,13.73,14.44,3000,38.00,40.00,38.00,40.00,0,0,0
TBD,20151231,13.40,13.40,13.40,13.40,500,37.10,37.10,37.10,37.10,0,0,0
TBD,20151230,13.18,13.18,13.18,13.18,1000,36.50,36.50,36.50,36.50,0,0,0
TBD,20151229,13.04,13.04,13.04,13.04,1000,36.10,36.10,36.10,36.10,0,0,0
TBD,20151228,12.46,12.46,12.46,12.46,300,34.50,34.50,34.50,34.50,0,0,0
TBD,20151223,10.11,12.78,10.11,12.78,200,28.00,35.40,28.00,35.40,0,0,0
TBD,20151222,10.47,14.12,10.47,10.87,1100,29.00,39.10,29.00,30.10,0,0,0
TBD,20151221,12.27,12.27,12.27,12.28,100,34.00,34.00,34.00,34.00,0,0,0
TBD,20151218,14.44,14.44,14.44,14.44,3700,40.00,40.00,40.00,40.00,0,0,0
TBD,20151217,15.16,15.70,14.37,14.44,25600,42.00,43.50,39.80,40.00,0,0,0
TBD,20151216,14.26,15.17,14.26,14.44,13400,39.50,42.00,39.50,40.00,0,0,0
TBD,20151215,15.17,15.17,14.30,14.30,10400,42.00,42.00,39.60,39.60,0,0,0
TBD,20151214,14.08,15.52,14.08,14.30,10000,39.00,43.00,39.00,39.60,0,0,0
TBD,20151211,14.81,15.17,14.09,14.08,9000,41.00,42.00,39.00,39.00,0,0,0
TBD,20151210,14.44,14.80,14.44,14.81,3900,40.00,41.00,40.00,41.00,0,0,0
TBD,20151208,14.44,14.44,14.44,14.44,1000,40.00,40.00,40.00,40.00,0,0,0
TBD,20151207,14.45,14.45,14.08,14.44,6400,40.00,40.00,39.00,40.00,0,0,0
TBD,20151204,14.26,14.80,14.08,14.12,12200,39.50,41.00,39.00,39.10,0,0,0
TBD,20151203,14.15,14.37,13.90,13.90,13800,39.20,39.80,38.50,38.50,0,0,0
TBD,20151202,13.18,14.37,11.74,14.08,13400,36.50,39.80,32.50,39.00,0,0,0
TBD,20151201,13.00,13.00,13.00,13.00,1000,36.00,36.00,36.00,36.00,0,0,0
TBD,20151130,12.45,13.43,12.45,13.43,1500,34.50,37.20,34.50,37.20,0,0,0
TBD,20151127,12.31,12.31,12.31,12.31,100,34.10,34.10,34.10,34.10,0,0,0
TBD,20151125,11.70,11.70,11.70,11.70,1000,32.40,32.40,32.40,32.40,0,0,0
TBD,20151123,10.18,10.18,10.18,10.18,100,28.20,28.20,28.20,28.20,0,0,0
TBD,20151120,11.77,11.77,11.77,11.77,100,32.60,32.60,32.60,32.60,0,0,0
TBD,20151119,13.00,13.00,13.00,13.00,3700,36.00,36.00,36.00,36.00,0,0,0
TBD,20151118,14.41,14.41,13.72,13.72,14900,39.90,39.90,38.00,38.00,0,0,0
TBD,20151117,14.09,14.38,13.72,14.37,9300,39.00,39.80,38.00,39.80,0,0,0
TBD,20151116,13.72,14.04,13.72,14.05,8000,38.00,38.90,38.00,38.90,0,0,0
TBD,20151113,13.29,13.72,13.29,13.72,16500,36.80,38.00,36.80,38.00,0,0,0
TBD,20151112,12.64,13.72,12.64,13.72,5000,35.00,38.00,35.00,38.00,0,0,0
TBD,20151110,13.72,13.72,13.72,13.72,100,38.00,38.00,38.00,38.00,0,0,0
TBD,20151109,12.54,12.54,12.54,12.53,100,34.70,34.70,34.70,34.70,0,0,0
TBD,20151105,10.91,10.91,10.91,10.91,100,30.20,30.20,30.20,30.20,0,0,0
TBD,20151102,9.50,9.50,9.50,9.50,200,26.30,26.30,26.30,26.30,0,0,0
TBD,20151030,8.27,8.27,8.27,8.27,200,22.90,22.90,22.90,22.90,0,0,0
TBD,20151029,8.67,11.42,8.67,11.41,300,24.00,31.60,24.00,31.60,0,0,0
TBD,20151028,8.52,10.44,8.52,10.44,7400,23.60,28.90,23.60,28.90,0,0,0
TBD,20151027,7.59,10.15,7.59,10.15,2200,21.00,28.10,21.00,28.10,0,0,0
TBD,20151023,9.61,9.61,7.98,7.98,1900,26.60,26.60,22.10,22.10,0,0,0
TBD,20151022,8.37,8.37,8.37,8.38,100,23.20,23.20,23.20,23.20,0,0,0
TBD,20151020,7.30,7.30,7.30,7.29,1700,20.20,20.20,20.20,20.20,0,0,0
TBD,20151014,7.26,7.26,7.26,7.26,1700,20.10,20.10,20.10,20.10,0,0,0
TBD,20151013,7.58,7.58,7.58,7.58,100,21.00,21.00,21.00,21.00,0,0,0
TBD,20151008,8.74,8.74,8.74,8.74,100,24.20,24.20,24.20,24.20,0,0,0
TBD,20150928,7.62,7.62,7.62,7.62,200,21.10,21.10,21.10,21.10,0,0,0
TBD,20150925,8.37,8.37,8.37,8.38,400,23.20,23.20,23.20,23.20,0,0,0
TBD,20150921,7.30,7.30,7.30,7.29,1,20.20,20.20,20.20,20.20,0,0,0
TBD,20150918,8.30,8.30,7.08,7.08,600,23.00,23.00,19.60,19.60,0,0,0
TBD,20150917,8.05,8.05,7.04,7.04,600,22.30,22.30,19.50,19.50,0,0,0
TBD,20150916,8.30,8.30,6.68,6.68,500,23.00,23.00,18.50,18.50,0,0,0
TBD,20150914,7.22,7.22,7.22,7.22,1,20.00,20.00,20.00,20.00,0,0,0
TBD,20150908,7.04,9.13,7.04,9.14,2500,19.50,25.30,19.50,25.30,0,0,0
TBD,20150907,7.95,7.95,7.95,7.94,800,22.00,22.00,22.00,22.00,0,0,0
TBD,20150904,8.05,10.83,8.01,8.31,2400,22.30,30.00,22.20,23.00,0,0,0
TBD,20150903,7.94,10.62,7.94,8.70,6910,22.00,29.40,22.00,24.10,0,0,0
TBD,20150901,10.40,10.40,7.84,10.40,7000,28.80,28.80,21.70,28.80,0,0,0
TBD,20150831,10.04,10.04,7.47,10.04,4200,27.80,27.80,20.70,27.80,0,0,0
TBD,20150828,9.64,9.64,7.22,9.64,2700,26.70,26.70,20.00,26.70,0,0,0
TBD,20150827,8.41,8.41,8.41,8.41,100,23.30,23.30,23.30,23.30,0,0,0
TBD,20150826,7.33,7.33,7.33,7.33,200,20.30,20.30,20.30,20.30,0,0,0
TBD,20150825,6.39,6.39,6.39,6.39,100,17.70,17.70,17.70,17.70,0,0,0
TBD,20150824,6.93,6.93,6.93,6.93,500,19.20,19.20,19.20,19.20,0,0,0
TBD,20150810,6.93,6.93,6.93,6.93,100,19.20,19.20,19.20,19.20,0,0,0
TBD,20150727,7.08,8.38,7.08,8.38,1200,19.60,23.20,19.60,23.20,0,0,0
TBD,20150724,7.08,8.30,7.08,8.31,1100,19.60,23.00,19.60,23.00,0,0,0
TBD,20150721,7.23,7.23,7.23,7.22,900,20.00,20.00,20.00,20.00,0,0,0
TBD,20150720,7.25,9.13,7.25,9.14,2100,20.10,25.30,20.10,25.30,0,0,0
TBD,20150717,7.94,7.94,7.94,7.94,100,22.00,22.00,22.00,22.00,0,0,0
TBD,20150715,7.19,8.53,7.19,7.19,1200,21.40,25.40,21.40,21.40,0,0,0
TBD,20150714,7.26,8.87,7.26,8.87,1000,21.60,26.40,21.60,26.40,0,0,0
TBD,20150713,7.74,7.74,7.74,7.73,100,23.00,23.00,23.00,23.00,0,0,0
TBD,20150710,6.76,6.76,6.76,6.76,100,20.10,20.10,20.10,20.10,0,0,0
TBD,20150701,7.23,7.23,7.23,7.23,100,21.50,21.50,21.50,21.50,0,0,0
TBD,20150630,8.24,8.24,8.24,8.24,100,24.50,24.50,24.50,24.50,0,0,0
TBD,20150629,9.08,9.08,9.08,9.08,100,27.00,27.00,27.00,27.00,0,0,0
TBD,20150626,9.74,9.74,9.74,9.75,100,29.00,29.00,29.00,29.00,0,0,0
TBD,20150625,10.46,10.46,10.46,10.45,100,31.10,31.10,31.10,31.10,0,0,0
TBD,20150618,11.63,11.63,11.60,11.60,7000,34.60,34.60,34.50,34.50,0,0,0
TBD,20150616,11.80,11.93,11.76,11.93,8600,35.10,35.50,35.00,35.50,0,0,0
TBD,20150615,11.79,11.93,11.79,11.93,6400,35.10,35.50,35.10,35.50,0,0,0
TBD,20150612,11.63,11.77,11.63,11.76,11100,34.60,35.00,34.60,35.00,0,0,0
TBD,20150611,11.50,11.60,11.50,11.60,2700,34.20,34.50,34.20,34.50,0,0,0
TBD,20150610,11.46,11.46,11.43,11.43,7000,34.10,34.10,34.00,34.00,0,0,0
TBD,20150609,11.56,11.56,11.56,11.56,5000,34.40,34.40,34.40,34.40,0,0,0
TBD,20150608,11.46,11.46,11.43,11.43,11400,34.10,34.10,34.00,34.00,0,0,0
TBD,20150604,12.10,12.10,11.43,11.43,7200,36.00,36.00,34.00,34.00,0,0,0
TBD,20150603,11.60,11.60,11.60,11.60,11000,34.50,34.50,34.50,34.50,0,0,0
TBD,20150602,11.60,11.60,11.60,11.60,5100,34.50,34.50,34.50,34.50,0,0,0
TBD,20150601,11.60,11.60,11.60,11.60,2000,34.50,34.50,34.50,34.50,0,0,0
TBD,20150529,11.43,11.43,11.43,11.43,7500,34.00,34.00,34.00,34.00,0,0,0
TBD,20150528,11.43,11.43,11.43,11.43,8300,34.00,34.00,34.00,34.00,0,0,0
TBD,20150526,11.43,11.43,11.26,11.26,10500,34.00,34.00,33.50,33.50,0,0,0
TBD,20150525,11.43,11.43,11.43,11.43,11000,34.00,34.00,34.00,34.00,0,0,0
TBD,20150522,11.42,11.42,11.42,11.43,11500,34.00,34.00,34.00,34.00,0,0,0
TBD,20150521,11.77,11.77,11.77,11.76,3500,35.00,35.00,35.00,35.00,0,0,0
TBD,20150519,11.43,11.43,11.43,11.43,10000,34.00,34.00,34.00,34.00,0,0,0
TBD,20150518,11.46,11.46,11.43,11.43,6600,34.10,34.10,34.00,34.00,0,0,0
TBD,20150515,11.46,11.46,11.43,11.43,8000,34.10,34.10,34.00,34.00,0,0,0
TBD,20150513,11.46,11.46,11.42,11.43,13000,34.10,34.10,34.00,34.00,0,0,0
TBD,20150512,11.77,11.77,11.77,11.76,4300,35.00,35.00,35.00,35.00,0,0,0
TBD,20150511,11.43,11.43,11.43,11.43,6000,34.00,34.00,34.00,34.00,0,0,0
TBD,20150508,11.77,11.93,11.77,11.93,11500,35.00,35.50,35.00,35.50,0,0,0
TBD,20150507,11.43,11.43,11.43,11.43,6000,34.00,34.00,34.00,34.00,0,0,0
TBD,20150506,11.26,11.26,11.26,11.26,6000,33.50,33.50,33.50,33.50,0,0,0
TBD,20150505,10.75,11.59,10.75,11.60,20900,32.00,34.50,32.00,34.50,0,0,0
TBD,20150427,11.10,11.10,11.10,11.09,4700,33.00,33.00,33.00,33.00,0,0,0
TBD,20150424,11.59,11.59,11.59,11.60,18000,34.50,34.50,34.50,34.50,0,0,0
TBD,20150423,12.14,12.14,11.77,11.76,23800,36.10,36.10,35.00,35.00,0,0,0
TBD,20150422,12.27,12.27,12.27,12.27,15500,36.50,36.50,36.50,36.50,0,0,0
TBD,20150421,12.44,12.44,12.44,12.44,15000,37.00,37.00,37.00,37.00,0,0,0
TBD,20150420,12.60,12.60,12.60,12.61,12000,37.50,37.50,37.50,37.50,0,0,0
TBD,20150417,12.78,12.78,12.78,12.77,8700,38.00,38.00,38.00,38.00,0,0,0
TBD,20150416,12.94,13.28,12.94,13.28,22000,38.50,39.50,38.50,39.50,0,0,0
TBD,20150415,13.45,13.45,12.94,12.94,28900,40.00,40.00,38.50,38.50,0,0,0
TBD,20150414,13.04,13.11,12.94,13.11,20300,38.80,39.00,38.50,39.00,0,0,0
TBD,20150413,12.78,13.08,12.78,12.94,43000,38.00,38.90,38.00,38.50,0,0,0
TBD,20150410,12.44,12.44,12.44,12.44,26700,37.00,37.00,37.00,37.00,0,0,0
TBD,20150409,12.27,12.27,12.27,12.27,1500,36.50,36.50,36.50,36.50,0,0,0
TBD,20150408,12.27,12.27,12.27,12.27,8600,36.50,36.50,36.50,36.50,0,0,0
TBD,20150407,12.44,12.44,12.44,12.44,20000,37.00,37.00,37.00,37.00,0,0,0
TBD,20150406,12.61,12.61,12.44,12.44,17000,37.50,37.50,37.00,37.00,0,0,0
TBD,20150403,12.44,12.44,12.44,12.44,100,37.00,37.00,37.00,37.00,0,0,0
TBD,20150402,12.44,12.44,12.44,12.44,30300,37.00,37.00,37.00,37.00,0,0,0
TBD,20150401,12.27,12.27,12.27,12.27,1700,36.50,36.50,36.50,36.50,0,0,0
TBD,20150331,12.44,12.44,12.44,12.44,3900,37.00,37.00,37.00,37.00,0,0,0
TBD,20150330,12.60,12.60,12.60,12.61,4000,37.50,37.50,37.50,37.50,0,0,0
TBD,20150327,12.95,12.95,12.95,12.94,11600,38.50,38.50,38.50,38.50,0,0,0
TBD,20150326,13.45,13.45,13.45,13.45,100,40.00,40.00,40.00,40.00,0,0,0
TBD,20150325,12.77,13.11,12.77,13.11,3100,38.00,39.00,38.00,39.00,0,0,0
TBD,20150324,12.44,12.77,12.44,12.77,12300,37.00,38.00,37.00,38.00,0,0,0
TBD,20150323,11.66,12.43,11.66,12.10,17100,34.70,37.00,34.70,36.00,0,0,0
TBD,20150320,12.97,12.97,11.83,12.77,36900,38.60,38.60,35.20,38.00,0,0,0
TBD,20150319,11.09,11.83,11.09,11.83,29000,33.00,35.20,33.00,35.20,0,0,0
TBD,20150318,10.82,10.82,10.25,10.82,18800,32.20,32.20,30.50,32.20,0,0,0
TBD,20150317,8.10,9.84,8.10,9.85,46000,24.10,29.30,24.10,29.30,0,0,0
TBD,20150316,8.98,8.98,8.98,8.97,26800,26.70,26.70,26.70,26.70,0,0,0
TBD,20150313,8.17,8.17,8.17,8.17,8900,24.30,24.30,24.30,24.30,0,0,0
TBD,20150312,7.43,7.43,7.43,7.43,11100,22.10,22.10,22.10,22.10,0,0,0
TBD,20150311,6.75,6.75,6.75,6.76,200,20.10,20.10,20.10,20.10,0,0,0
TBD,20150310,6.15,6.15,6.15,6.15,500,18.30,18.30,18.30,18.30,0,0,0
TBD,20150309,4.98,5.95,4.98,5.95,900,14.80,17.70,14.80,17.70,0,0,0
TBD,20150306,4.94,5.84,4.94,5.85,200,14.70,17.40,14.70,17.40,0,0,0
TBD,20150305,5.34,5.34,5.34,5.34,500,15.90,15.90,15.90,15.90,0,0,0
TBD,20150304,4.87,4.87,4.87,4.87,300,14.50,14.50,14.50,14.50,0,0,0
TBD,20150303,5.31,5.31,5.31,5.31,1000,15.80,15.80,15.80,15.80,0,0,0
TBD,20150227,4.84,4.84,4.84,4.84,100,14.40,14.40,14.40,14.40,0,0,0
TBD,20150212,4.84,4.84,4.84,4.84,300,14.40,14.40,14.40,14.40,0,0,0
TBD,20150211,4.87,4.87,4.84,4.84,200,14.50,14.50,14.40,14.40,0,0,0
TBD,20150209,4.84,4.84,4.84,4.84,500,14.40,14.40,14.40,14.40,0,0,0
TBD,20150206,4.84,4.84,4.84,4.84,100,14.40,14.40,14.40,14.40,0,0,0
TBD,20150204,4.81,5.38,4.81,4.84,400,14.30,16.00,14.30,14.40,84525,0,0
TBD,20150203,5.31,5.31,5.31,5.31,1000,15.80,15.80,15.80,15.80,0,0,0
TBD,20150130,4.84,4.84,4.84,4.84,100,14.40,14.40,14.40,14.40,0,0,0
TBD,20150128,4.84,4.84,4.84,4.84,400,14.40,14.40,14.40,14.40,0,0,0
TBD,20150127,4.84,4.84,4.84,4.84,100,14.40,14.40,14.40,14.40,0,0,0
TBD,20150126,4.91,4.91,4.84,4.84,200,14.60,14.60,14.40,14.40,0,0,0
TBD,20150123,5.04,5.04,5.04,5.04,2100,15.00,15.00,15.00,15.00,0,0,0
TBD,20150122,4.81,4.84,4.81,4.84,200,14.30,14.40,14.30,14.40,0,0,0
TBD,20150115,4.81,4.81,4.81,4.81,100,14.30,14.30,14.30,14.30,0,0,0
TBD,20150114,4.81,4.84,4.81,4.81,6400,14.30,14.40,14.30,14.30,0,0,0
TBD,20150113,4.81,4.81,4.81,4.81,200,14.30,14.30,14.30,14.30,0,0,0
TBD,20150109,4.81,4.81,4.81,4.81,200,14.30,14.30,14.30,14.30,0,0,0
TBD,20150108,4.81,4.81,4.81,4.81,200,14.30,14.30,14.30,14.30,0,0,0
TBD,20150107,4.81,4.81,4.81,4.81,100,14.30,14.30,14.30,14.30,0,0,0
TBD,20141231,4.84,4.84,4.37,4.84,400,14.40,14.40,13.00,14.40,11778,0,0
TBD,20141230,4.88,4.91,4.74,4.74,300,14.50,14.60,14.10,14.10,0,0,0
TBD,20141229,4.91,4.91,4.91,4.91,300,14.60,14.60,14.60,14.60,0,0,0
TBD,20141226,4.91,4.91,4.91,4.91,200,14.60,14.60,14.60,14.60,0,0,0
TBD,20141225,4.94,4.94,4.94,4.94,100,14.70,14.70,14.70,14.70,0,0,0
TBD,20141224,4.97,4.97,4.97,4.97,100,14.80,14.80,14.80,14.80,0,0,0
TBD,20141219,4.97,4.97,4.97,4.97,100,14.80,14.80,14.80,14.80,0,0,0
TBD,20141217,4.97,4.97,4.97,4.97,200,14.80,14.80,14.80,14.80,0,0,0
TBD,20141211,4.97,4.97,4.91,4.97,400,14.80,14.80,14.60,14.80,0,0,0
TBD,20141209,4.94,4.94,4.94,4.94,1200,14.70,14.70,14.70,14.70,0,0,0
TBD,20141208,4.94,4.94,4.94,4.94,200,14.70,14.70,14.70,14.70,0,0,0
TBD,20141204,5.11,5.11,5.11,5.11,200,15.20,15.20,15.20,15.20,0,0,0
TBD,20141202,5.41,5.41,5.41,5.41,100,16.10,16.10,16.10,16.10,0,0,0
TBD,20141127,5.71,5.71,5.71,5.71,100,17.00,17.00,17.00,17.00,0,0,0
TBD,20141126,6.32,6.32,6.32,6.32,200,18.80,18.80,18.80,18.80,0,0,0
TBD,20141118,5.75,5.75,5.75,5.75,100,17.10,17.10,17.10,17.10,0,0,0
TBD,20141117,5.75,6.42,5.75,6.42,400,17.10,19.10,17.10,19.10,0,0,0
TBD,20141114,6.38,6.38,6.38,6.39,100,19.00,19.00,19.00,19.00,0,0,0
TBD,20141111,6.72,6.72,6.72,6.72,3000,20.00,20.00,20.00,20.00,0,0,0
TBD,20141106,6.59,6.59,6.59,6.59,200,19.60,19.60,19.60,19.60,0,0,0
TBD,20141105,5.85,7.09,5.85,7.09,600,17.40,21.10,17.40,21.10,0,0,0
TBD,20141104,6.45,6.45,6.45,6.45,100,19.20,19.20,19.20,19.20,0,0,0
TBD,20141103,5.88,5.88,5.88,5.88,100,17.50,17.50,17.50,17.50,0,0,0
TBD,20141031,6.12,6.12,6.12,6.12,100,18.20,18.20,18.20,18.20,0,0,0
TBD,20141030,6.69,6.69,6.69,6.69,100,19.90,19.90,19.90,19.90,0,0,0
TBD,20141029,7.43,7.43,7.43,7.43,100,22.10,22.10,22.10,22.10,0,0,0
TBD,20141028,8.24,8.24,8.24,8.24,100,24.50,24.50,24.50,24.50,0,0,0
TBD,20141027,7.49,7.49,7.49,7.50,100,22.30,22.30,22.30,22.30,0,0,0
TBD,20141021,6.82,6.82,6.82,6.82,100,20.30,20.30,20.30,20.30,0,0,0
